SET @OLD_UNIQUE_CHECKS=@@UNIQUE_CHECKS, UNIQUE_CHECKS=0;
SET @OLD_FOREIGN_KEY_CHECKS=@@FOREIGN_KEY_CHECKS, FOREIGN_KEY_CHECKS=0;
SET @OLD_SQL_MODE=@@SQL_MODE, SQL_MODE='TRADITIONAL,ALLOW_INVALID_DATES';

USE neoIndexer;

TRUNCATE TABLE `admin`;
TRUNCATE TABLE `asset`;
TRUNCATE TABLE `block`;
TRUNCATE TABLE `transaction`;
TRUNCATE TABLE `transaction_input`;
TRUNCATE TABLE `transaction_type`;

LOCK TABLES `admin` WRITE;

INSERT INTO `admin`
(idAdminPk,email,password)
VALUES
(1,'test@test.com',SHA2(SHA2('tester', 256), 256)),
(2,'Stanford.Walter@gmail.com',SHA2(SHA2('tester', 256), 256)),
(3,'Theo_Mills@yahoo.com',SHA2(SHA2('tester', 256), 256)),
(4,'Johann66@hotmail.com',SHA2(SHA2('tester', 256), 256)),
(5,'Dameon_Cremin75@hotmail.com',SHA2(SHA2('tester', 256), 256)),
(6,'Camille_Altenwerth55@yahoo.com',SHA2(SHA2('tester', 256), 256)),
(7,'Jimmy30@hotmail.com',SHA2(SHA2('tester', 256), 256)),
(8,'Eugene.Mohr83@hotmail.com',SHA2(SHA2('tester', 256), 256)),
(9,'Elnora.Wiza63@yahoo.com',SHA2(SHA2('tester', 256), 256)),
(10,'Ava80@yahoo.com',SHA2(SHA2('tester', 256), 256)),
(11,'Ozella_Schaefer81@hotmail.com',SHA2(SHA2('tester', 256), 256)),
(12,'Sven73@gmail.com',SHA2(SHA2('tester', 256), 256)),
(13,'Ettie82@gmail.com',SHA2(SHA2('tester', 256), 256)),
(14,'Perry21@yahoo.com',SHA2(SHA2('tester', 256), 256)),
(15,'Einar.Leffler@gmail.com',SHA2(SHA2('tester', 256), 256)),
(16,'Khalid_Ernser@hotmail.com',SHA2(SHA2('tester', 256), 256)),
(17,'Silas.Bayer40@gmail.com',SHA2(SHA2('tester', 256), 256)),
(18,'Sanford46@gmail.com',SHA2(SHA2('tester', 256), 256)),
(19,'Brandy.Klein32@yahoo.com',SHA2(SHA2('tester', 256), 256)),
(20,'Anahi_Kunze55@yahoo.com',SHA2(SHA2('tester', 256), 256)),
(21,'Malika_Cole@gmail.com',SHA2(SHA2('tester', 256), 256)),
(22,'Kitty5@gmail.com',SHA2(SHA2('tester', 256), 256)),
(23,'Adah_Romaguera@hotmail.com',SHA2(SHA2('tester', 256), 256)),
(24,'Myrl_Littel@gmail.com',SHA2(SHA2('tester', 256), 256)),
(25,'Blanche.Roob87@hotmail.com',SHA2(SHA2('tester', 256), 256)),
(26,'Gisselle53@yahoo.com',SHA2(SHA2('tester', 256), 256)),
(27,'Emory26@gmail.com',SHA2(SHA2('tester', 256), 256)),
(28,'Micah23@gmail.com',SHA2(SHA2('tester', 256), 256)),
(29,'Kylee_Terry@hotmail.com',SHA2(SHA2('tester', 256), 256)),
(30,'Carolyne.McGlynn@gmail.com',SHA2(SHA2('tester', 256), 256)),
(31,'Cleta10@hotmail.com',SHA2(SHA2('tester', 256), 256)),
(32,'Bria.Koelpin75@gmail.com',SHA2(SHA2('tester', 256), 256)),
(33,'Cale_Langosh4@yahoo.com',SHA2(SHA2('tester', 256), 256)),
(34,'Marc10@hotmail.com',SHA2(SHA2('tester', 256), 256)),
(35,'Kyle_Batz@gmail.com',SHA2(SHA2('tester', 256), 256)),
(36,'Adan.Mertz@gmail.com',SHA2(SHA2('tester', 256), 256)),
(37,'Blaise.Crooks51@yahoo.com',SHA2(SHA2('tester', 256), 256)),
(38,'Forest.Kuhlman@yahoo.com',SHA2(SHA2('tester', 256), 256)),
(39,'Jonathon_Klocko@yahoo.com',SHA2(SHA2('tester', 256), 256)),
(40,'Norene.White@gmail.com',SHA2(SHA2('tester', 256), 256)),
(41,'Delfina46@gmail.com',SHA2(SHA2('tester', 256), 256)),
(42,'Leta_Feeney54@hotmail.com',SHA2(SHA2('tester', 256), 256)),
(43,'Davon_Dach16@yahoo.com',SHA2(SHA2('tester', 256), 256)),
(44,'Marcelina_Rau@yahoo.com',SHA2(SHA2('tester', 256), 256)),
(45,'Loyal9@yahoo.com',SHA2(SHA2('tester', 256), 256)),
(46,'Natasha.Nikolaus@gmail.com',SHA2(SHA2('tester', 256), 256)),
(47,'Rosamond.Smith@yahoo.com',SHA2(SHA2('tester', 256), 256)),
(48,'Kameron.Marquardt@yahoo.com',SHA2(SHA2('tester', 256), 256)),
(49,'Oran_Beer@gmail.com',SHA2(SHA2('tester', 256), 256)),
(50,'Cary94@hotmail.com',SHA2(SHA2('tester', 256), 256));

UNLOCK TABLES;

LOCK TABLES `asset` WRITE;

INSERT INTO `asset`
(idAssetPk,name)
VALUES
(1,'Forward Web Director'),
(2,'Central Configuration Architect'),
(3,'International Tactics Technician'),
(4,'District Marketing Manager'),
(5,'Central Security Officer'),
(6,'District Tactics Associate'),
(7,'Chief Solutions Analyst'),
(8,'National Interactions Director'),
(9,'Chief Integration Associate'),
(10,'Direct Research Associate'),
(11,'Lead Brand Administrator'),
(12,'International Mobility Orchestrator'),
(13,'Dynamic Paradigm Facilitator'),
(14,'Regional Security Strategist'),
(15,'Legacy Division Specialist'),
(16,'Corporate Web Agent'),
(17,'Legacy Usability Executive'),
(18,'Product Program Designer'),
(19,'Internal Integration Representative'),
(20,'Internal Intranet Representative'),
(21,'Corporate Metrics Strategist'),
(22,'Chief Security Specialist'),
(23,'Customer Tactics Planner'),
(24,'Human Tactics Engineer'),
(25,'Legacy Operations Manager'),
(26,'Dynamic Integration Agent'),
(27,'Human Quality Analyst'),
(28,'International Data Agent'),
(29,'Dynamic Functionality Officer'),
(30,'Regional Mobility Producer'),
(31,'Regional Security Supervisor'),
(32,'Principal Assurance Strategist'),
(33,'Corporate Operations Administrator'),
(34,'Principal Branding Designer'),
(35,'National Configuration Technician'),
(36,'Forward Infrastructure Officer'),
(37,'Central Brand Officer'),
(38,'Senior Accounts Representative'),
(39,'Senior Program Producer'),
(40,'National Data Architect'),
(41,'Direct Metrics Assistant'),
(42,'International Directives Administrator'),
(43,'Chief Operations Architect'),
(44,'Principal Interactions Engineer'),
(45,'Investor Operations Executive'),
(46,'Principal Brand Architect'),
(47,'Internal Usability Designer'),
(48,'Internal Operations Manager'),
(49,'District Markets Orchestrator'),
(50,'Dynamic Integration Consultant');

UNLOCK TABLES;

LOCK TABLES `block` WRITE;

INSERT INTO `block`
(idBlockPk,height,hash,creationDate,sizeInBytes)
VALUES
(1,762,254,840,88),
(2,422,691,975,940),
(3,908,551,619,566),
(4,266,778,378,893),
(5,963,734,528,12),
(6,407,298,2,882),
(7,86,599,62,438),
(8,943,779,484,80),
(9,705,147,362,746),
(10,452,442,95,590),
(11,529,146,158,983),
(12,790,622,211,568),
(13,661,346,736,273),
(14,161,310,876,421),
(15,282,737,804,502),
(16,230,979,430,22),
(17,797,270,777,122),
(18,129,779,388,728),
(19,728,112,808,748),
(20,834,621,490,576),
(21,594,23,546,838),
(22,185,579,149,654),
(23,211,62,930,248),
(24,209,682,2,171),
(25,560,522,961,108),
(26,720,334,26,722),
(27,407,905,583,289),
(28,479,229,769,953),
(29,838,197,59,279),
(30,550,894,760,634),
(31,124,740,824,370),
(32,175,527,939,862),
(33,833,818,777,226),
(34,941,873,28,913),
(35,517,870,555,826),
(36,775,856,509,346),
(37,155,148,720,788),
(38,484,512,30,671),
(39,555,1,435,847),
(40,838,922,663,927),
(41,290,263,750,272),
(42,989,336,208,970),
(43,376,474,184,912),
(44,567,439,18,963),
(45,307,583,423,491),
(46,17,337,697,617),
(47,371,283,589,852),
(48,158,11,757,281),
(49,258,332,831,386),
(50,650,62,290,954);

UNLOCK TABLES;

LOCK TABLES `transaction` WRITE;

INSERT INTO `transaction`
(idTransactionPk,`hash`,idTypeFk,`from`,idBlockFk)
VALUES
(1,'Iusto aut dolores voluptatem suscipit.',1,'Cumque dolores commodi quos omnis est molestias ut ea fuga.',1),
(2,'Reiciendis fugit mollitia commodi qui necessitatibus atque.',30,'Quod vitae omnis nesciunt.',40),
(3,'Magnam ex sapiente.',38,'Suscipit voluptatibus a dicta ipsa possimus cum magni aperiam libero.',12),
(4,'Minus officiis dolorem non natus maiores odit est vel.',11,'Quia deleniti et.',48),
(5,'Natus odit architecto id aliquam qui rem corporis molestiae.',46,'Recusandae et magni alias ut cum magni.',2),
(6,'Eveniet est autem ipsa ut ducimus repellendus et.',1,'Expedita ullam odio enim illum.',10),
(7,'Perferendis nihil ab.',2,'Labore asperiores accusantium eos omnis et neque necessitatibus dolores.',7),
(8,'Veniam molestiae at dicta nisi sunt id veniam commodi dicta.',19,'Blanditiis velit est est aut voluptatem et quidem molestiae.',19),
(9,'Sunt laboriosam occaecati occaecati iure assumenda.',39,'Similique est tempore facere repudiandae deserunt aut eligendi qui qui.',35),
(10,'Quaerat alias delectus corporis eos sint omnis quasi.',49,'Voluptas laborum qui non deserunt odit ea perspiciatis.',7),
(11,'Totam asperiores natus sit magnam aut quasi sit.',10,'Repellat itaque porro.',25),
(12,'In quidem autem at.',35,'Eum culpa et iure.',29),
(13,'Quidem tenetur ut numquam est inventore tempore.',46,'Qui ut sed rerum.',29),
(14,'Corrupti similique labore minus eos.',17,'Consectetur corrupti rem labore corporis alias porro veritatis qui aut.',20),
(15,'Sunt et quia enim.',12,'Quasi quis occaecati quos voluptatum in harum placeat porro quod.',22),
(16,'Illo iusto omnis vel iure distinctio.',21,'Nulla explicabo vel eum consequatur quis iusto officia id quas.',13),
(17,'Sunt ut autem possimus illum in.',7,'Libero omnis illum vel quam autem doloremque facere cumque nostrum.',27),
(18,'Et et sapiente possimus voluptas ut sunt non.',30,'Possimus et sunt vitae consequatur est harum dolorem accusamus quia.',27),
(19,'Officia ipsa eius accusantium eveniet voluptatem qui.',3,'Aut assumenda aspernatur numquam aperiam nihil accusamus quae.',46),
(20,'Nihil qui voluptatem dolor qui necessitatibus quia aut repellendus qui.',17,'Asperiores id quasi expedita et nisi autem.',11),
(21,'Quaerat dolorem cumque sint est deleniti ratione totam cupiditate.',12,'Perferendis excepturi labore officia.',26),
(22,'Cumque veniam excepturi quisquam quam voluptatem excepturi eum.',21,'Dolores unde dolor odit molestiae voluptates officiis suscipit aut.',23),
(23,'Quasi aliquam fugit ut et.',28,'Eum aliquam a minus.',45),
(24,'Sequi ut neque praesentium laborum earum et repellat.',49,'Nesciunt rem similique ullam voluptatem.',35),
(25,'Odio aliquam et ut id suscipit.',48,'Autem dolores et rerum et consectetur itaque dicta.',3),
(26,'Qui fugiat sit quibusdam eligendi corporis asperiores.',1,'Ex saepe dolore ut possimus voluptas.',31),
(27,'Minima modi consectetur qui vero unde temporibus incidunt fuga.',3,'Rerum quia cum ratione veniam.',6),
(28,'Accusantium rem temporibus quidem.',23,'Sapiente et modi.',32),
(29,'Ut veritatis reprehenderit temporibus iusto esse.',26,'Alias velit reprehenderit nemo asperiores tempora magnam dolorum.',39),
(30,'Odio aliquid neque fuga non qui sapiente provident qui.',19,'Est odit libero distinctio.',2),
(31,'Possimus harum et sunt dolorem accusamus eveniet minima ea quia.',39,'Necessitatibus molestias aut.',41),
(32,'Non enim exercitationem consequatur minima in praesentium corporis et quos.',3,'Amet ea officiis consectetur rerum perspiciatis ad qui velit.',38),
(33,'Perspiciatis qui non qui adipisci.',33,'Autem perferendis recusandae nulla accusantium facere dolore laboriosam.',20),
(34,'Illum quod blanditiis distinctio in et officia quia reprehenderit labore.',6,'Atque aut non qui.',14),
(35,'Nobis eaque suscipit.',48,'Fugiat omnis neque corporis ipsum assumenda sunt.',9),
(36,'Dolore qui soluta aut omnis voluptatem.',10,'Molestiae laboriosam nulla omnis.',9),
(37,'Id autem ut in exercitationem assumenda aut.',16,'Rerum aut non incidunt ut impedit qui.',44),
(38,'Dolores fugiat et magni rem reprehenderit earum consequatur doloremque quia.',26,'Distinctio sunt nobis.',32),
(39,'Autem vel magni cum.',16,'Quasi dolorem consectetur autem qui quaerat autem soluta.',49),
(40,'Quasi quasi illum optio.',48,'Qui rerum vel sed porro illo amet sunt labore non.',19),
(41,'Repellendus eius enim sunt et quis voluptates est.',50,'Similique tempore sunt.',41),
(42,'Quod ea inventore placeat occaecati quo consequatur rerum ut consequatur.',1,'Voluptatem illum ut culpa ex.',31),
(43,'Consequuntur in autem soluta doloribus vel sed culpa excepturi architecto.',48,'Eaque deserunt qui quas.',23),
(44,'Facilis magni consequatur et vitae itaque autem blanditiis molestiae.',10,'Laborum molestiae corporis sunt nihil incidunt corporis ut ducimus sunt.',26),
(45,'Vel itaque molestiae quisquam pariatur et aut ipsa reprehenderit quae.',5,'Iste nihil provident.',46),
(46,'Quia inventore dolores nihil doloribus sint molestiae.',27,'Voluptatem optio qui reprehenderit sunt dicta suscipit similique iure impedit.',12),
(47,'Quod quo minus voluptas dolor quidem accusamus temporibus distinctio aut.',26,'Natus nisi dolores dolorem et qui qui in ut.',14),
(48,'Eveniet voluptatem qui autem fugiat quo quo.',46,'Reiciendis beatae similique autem quia corporis molestias animi reiciendis exercitationem.',21),
(49,'Praesentium beatae voluptatem blanditiis vero omnis sunt officiis deserunt.',39,'A dolor omnis facere in quos placeat.',35),
(50,'Qui harum vel quaerat esse adipisci aut.',14,'Aspernatur consequatur dolorum atque illo quia laboriosam dolor adipisci tenetur.',41);

UNLOCK TABLES;

LOCK TABLES `transaction_input` WRITE;

INSERT INTO `transaction_input`
(idTransactionInputPk,previousIdTransactionFk,idTransactionFk,amount,spent,`to`,idAssetFk)
VALUES
(1,1,1,389,1,'Placeat numquam similique qui possimus aliquid ut aliquam et.',1),
(2,20,35,730,0,'Sapiente nam eos et nihil nulla quia sint.',10),
(3,33,10,704,1,'Porro quisquam est velit reiciendis aut ipsa numquam amet.',18),
(4,48,34,360,0,'Et quod est odit et mollitia inventore ut est.',46),
(5,50,28,271,1,'Occaecati inventore veritatis fugit ut ipsum aut ea.',36),
(6,4,41,82,0,'Officia facilis sint voluptates odit aliquam maiores dolorem commodi.',36),
(7,42,41,155,0,'Ex ab et quis sit facere eos accusamus optio.',50),
(8,28,3,7,0,'Incidunt qui voluptates reprehenderit excepturi saepe quia repellat.',36),
(9,26,10,1,1,'Accusamus sit voluptatem perferendis consequuntur.',31),
(10,7,13,542,1,'Explicabo sed beatae minima et magnam.',46),
(11,33,44,798,1,'Iure ad animi.',16),
(12,20,23,248,0,'Sunt maiores laudantium necessitatibus placeat inventore.',26),
(13,29,1,790,0,'Itaque ratione minus neque et beatae tempore non necessitatibus distinctio.',7),
(14,37,43,369,1,'Quo voluptas voluptas maxime soluta quos aliquid et.',23),
(15,9,16,122,1,'Qui aliquam rem enim ut numquam ea ut voluptas aut.',25),
(16,15,35,660,1,'Omnis cum accusamus consequatur repellendus ratione molestias qui unde.',7),
(17,1,4,46,1,'Quo mollitia provident nostrum maiores.',12),
(18,38,16,162,0,'Asperiores maxime consequatur et temporibus.',26),
(19,29,33,905,0,'Debitis consectetur et aut deleniti nostrum beatae.',45),
(20,3,8,91,1,'Dicta odio harum.',45),
(21,6,36,132,0,'Labore et sed dolorem ea omnis quidem totam.',18),
(22,27,29,561,0,'Earum libero eius neque velit.',2),
(23,50,11,19,0,'Vel qui pariatur et placeat harum voluptas mollitia veritatis.',14),
(24,37,34,9,0,'Repellendus ab voluptatem provident.',33),
(25,34,20,442,1,'Ut eos molestiae quidem eligendi asperiores blanditiis aperiam quod sit.',15),
(26,50,40,502,0,'Fugiat voluptates delectus aperiam saepe quod eaque nostrum sit et.',39),
(27,15,50,91,1,'Et iste nesciunt eum quae rerum et consequatur fugiat.',1),
(28,10,28,377,0,'Ut voluptatem et repellat nam dolores.',25),
(29,11,33,78,0,'Atque unde qui maxime.',1),
(30,8,23,867,1,'Rerum necessitatibus et eius rerum sit dolores.',33),
(31,39,4,16,1,'Eos ut mollitia saepe.',47),
(32,27,37,695,1,'Reprehenderit sunt cumque nesciunt velit et soluta laboriosam.',2),
(33,42,42,562,0,'Repellat perspiciatis odio.',40),
(34,39,9,897,1,'Consequatur ea et.',44),
(35,31,38,755,0,'Dolorem qui suscipit voluptate ullam fuga.',11),
(36,24,20,31,0,'Animi et doloribus amet exercitationem culpa possimus quibusdam harum.',9),
(37,24,18,235,0,'Ipsum omnis omnis autem repellendus numquam minima.',8),
(38,23,26,10,0,'Sed aperiam ex.',39),
(39,19,22,804,0,'Est voluptatem qui voluptas minima quia in.',16),
(40,19,44,824,0,'Minus architecto soluta voluptatibus.',42),
(41,21,47,315,1,'Laudantium impedit animi.',44),
(42,46,34,602,0,'Mollitia porro aliquam.',31),
(43,31,17,605,0,'Consequatur modi perspiciatis occaecati officia ad mollitia id.',22),
(44,18,1,550,1,'Debitis vero fugiat rerum pariatur aliquam dolorem.',48),
(45,20,33,40,1,'Voluptatem provident sint fugiat eveniet aut quos voluptatem provident deserunt.',34),
(46,19,1,647,1,'Labore et ut incidunt ut minus.',20),
(47,9,9,203,0,'Illum voluptatibus libero.',33),
(48,26,24,531,1,'Quia hic porro eaque nemo sit sunt.',49),
(49,14,28,481,1,'Et voluptatum est.',31),
(50,50,3,335,0,'Neque aperiam voluptatem velit vitae id quasi maxime quas aut.',39);

UNLOCK TABLES;

LOCK TABLES `transaction_type` WRITE;

INSERT INTO `transaction_type`
(idTransactionTypePk,name)
VALUES
(1,'Dynamic Communications Specialist'),
(2,'Legacy Marketing Specialist'),
(3,'Central Implementation Coordinator'),
(4,'Principal Intranet Orchestrator'),
(5,'International Security Associate'),
(6,'Lead Accounts Manager'),
(7,'Chief Data Specialist'),
(8,'Chief Metrics Specialist'),
(9,'Internal Identity Planner'),
(10,'International Branding Administrator'),
(11,'Central Tactics Orchestrator'),
(12,'Direct Functionality Strategist'),
(13,'Regional Research Agent'),
(14,'Forward Quality Technician'),
(15,'International Infrastructure Strategist'),
(16,'Forward Mobility Director'),
(17,'Chief Creative Specialist'),
(18,'Product Solutions Analyst'),
(19,'District Mobility Assistant'),
(20,'Dynamic Program Liaison'),
(21,'Internal Assurance Planner'),
(22,'Regional Mobility Facilitator'),
(23,'Dynamic Solutions Specialist'),
(24,'Principal Optimization Planner'),
(25,'Chief Communications Coordinator'),
(26,'Forward Assurance Strategist'),
(27,'Dynamic Response Assistant'),
(28,'Dynamic Implementation Assistant'),
(29,'Senior Division Strategist'),
(30,'Principal Security Director'),
(31,'Senior Implementation Coordinator'),
(32,'Central Quality Representative'),
(33,'Global Markets Liaison'),
(34,'Central Optimization Representative'),
(35,'Dynamic Web Analyst'),
(36,'Direct Accountability Associate'),
(37,'Chief Solutions Consultant'),
(38,'Forward Infrastructure Facilitator'),
(39,'Regional Operations Representative'),
(40,'Corporate Factors Analyst'),
(41,'Dynamic Implementation Representative'),
(42,'Human Markets Engineer'),
(43,'Regional Quality Administrator'),
(44,'Central Division Designer'),
(45,'Product Tactics Developer'),
(46,'Senior Implementation Orchestrator'),
(47,'Customer Integration Manager'),
(48,'Product Group Supervisor'),
(49,'Forward Group Coordinator'),
(50,'Investor Brand Facilitator');

UNLOCK TABLES;

SET SQL_MODE=@OLD_SQL_MODE;
SET FOREIGN_KEY_CHECKS=@OLD_FOREIGN_KEY_CHECKS;
SET UNIQUE_CHECKS=@OLD_UNIQUE_CHECKS;

